date,year,month,area,avg_price_per_sqft,base_price,index_100,avg_price_prev_year,yoy_pct
2015-01-01,2015,1,Devanahalli,2814.38,2814.38,100.0,,
2015-02-01,2015,2,Devanahalli,2806.54,2814.38,99.72,,
2015-03-01,2015,3,Devanahalli,2826.65,2814.38,100.44,,
2015-04-01,2015,4,Devanahalli,2848.59,2814.38,101.22,,
2015-05-01,2015,5,Devanahalli,2818.57,2814.38,100.15,,
2015-06-01,2015,6,Devanahalli,2823.23,2814.38,100.31,,
2015-07-01,2015,7,Devanahalli,2863.84,2814.38,101.76,,
2015-08-01,2015,8,Devanahalli,2852.45,2814.38,101.35,,
2015-09-01,2015,9,Devanahalli,2832.56,2814.38,100.65,,
2015-10-01,2015,10,Devanahalli,2857.4,2814.38,101.53,,
2015-11-01,2015,11,Devanahalli,2842.04,2814.38,100.98,,
2015-12-01,2015,12,Devanahalli,2846.69,2814.38,101.15,,
2016-01-01,2016,1,Devanahalli,2887.98,2814.38,102.62,2814.38,2.62
2016-02-01,2016,2,Devanahalli,2871.48,2814.38,102.03,2806.54,2.31
2016-03-01,2016,3,Devanahalli,2902.6,2814.38,103.13,2826.65,2.69
2016-04-01,2016,4,Devanahalli,2954.28,2814.38,104.97,2848.59,3.71
2016-05-01,2016,5,Devanahalli,2972.87,2814.38,105.63,2818.57,5.47
2016-06-01,2016,6,Devanahalli,3029.15,2814.38,107.63,2823.23,7.29
2016-07-01,2016,7,Devanahalli,3031.79,2814.38,107.72,2863.84,5.86
2016-08-01,2016,8,Devanahalli,3049.69,2814.38,108.36,2852.45,6.91
2016-09-01,2016,9,Devanahalli,3141.27,2814.38,111.61,2832.56,10.9
2016-10-01,2016,10,Devanahalli,3133.91,2814.38,111.35,2857.4,9.68
2016-11-01,2016,11,Devanahalli,3170.15,2814.38,112.64,2842.04,11.54
2016-12-01,2016,12,Devanahalli,3166.82,2814.38,112.52,2846.69,11.25
2017-01-01,2017,1,Devanahalli,3216.77,2814.38,114.3,2887.98,11.38
2017-02-01,2017,2,Devanahalli,3262.24,2814.38,115.91,2871.48,13.61
2017-03-01,2017,3,Devanahalli,3264.13,2814.38,115.98,2902.6,12.46
2017-04-01,2017,4,Devanahalli,3330.6,2814.38,118.34,2954.28,12.74
2017-05-01,2017,5,Devanahalli,3339.29,2814.38,118.65,2972.87,12.33
2017-06-01,2017,6,Devanahalli,3378.29,2814.38,120.04,3029.15,11.53
2017-07-01,2017,7,Devanahalli,3402.93,2814.38,120.91,3031.79,12.24
2017-08-01,2017,8,Devanahalli,3494.48,2814.38,124.17,3049.69,14.58
2017-09-01,2017,9,Devanahalli,3482.16,2814.38,123.73,3141.27,10.85
2017-10-01,2017,10,Devanahalli,3489.5,2814.38,123.99,3133.91,11.35
2017-11-01,2017,11,Devanahalli,3569.33,2814.38,126.82,3170.15,12.59
2017-12-01,2017,12,Devanahalli,3551.95,2814.38,126.21,3166.82,12.16
2018-01-01,2018,1,Devanahalli,3621.85,2814.38,128.69,3216.77,12.59
2018-02-01,2018,2,Devanahalli,3600.8,2814.38,127.94,3262.24,10.38
2018-03-01,2018,3,Devanahalli,3651.25,2814.38,129.74,3264.13,11.86
2018-04-01,2018,4,Devanahalli,3725.62,2814.38,132.38,3330.6,11.86
2018-05-01,2018,5,Devanahalli,3775.21,2814.38,134.14,3339.29,13.05
2018-06-01,2018,6,Devanahalli,3795.98,2814.38,134.88,3378.29,12.36
2018-07-01,2018,7,Devanahalli,3824.31,2814.38,135.88,3402.93,12.38
2018-08-01,2018,8,Devanahalli,3855.58,2814.38,137.0,3494.48,10.33
2018-09-01,2018,9,Devanahalli,3860.02,2814.38,137.15,3482.16,10.85
2018-10-01,2018,10,Devanahalli,3917.56,2814.38,139.2,3489.5,12.27
2018-11-01,2018,11,Devanahalli,3961.94,2814.38,140.77,3569.33,11.0
2018-12-01,2018,12,Devanahalli,4042.17,2814.38,143.63,3551.95,13.8
2019-01-01,2019,1,Devanahalli,4060.29,2814.38,144.27,3621.85,12.11
2019-02-01,2019,2,Devanahalli,4038.52,2814.38,143.5,3600.8,12.16
2019-03-01,2019,3,Devanahalli,4137.15,2814.38,147.0,3651.25,13.31
2019-04-01,2019,4,Devanahalli,4155.72,2814.38,147.66,3725.62,11.54
2019-05-01,2019,5,Devanahalli,4186.56,2814.38,148.76,3775.21,10.9
2019-06-01,2019,6,Devanahalli,4264.59,2814.38,151.53,3795.98,12.34
2019-07-01,2019,7,Devanahalli,4317.63,2814.38,153.41,3824.31,12.9
2019-08-01,2019,8,Devanahalli,4355.58,2814.38,154.76,3855.58,12.97
2019-09-01,2019,9,Devanahalli,4342.77,2814.38,154.31,3860.02,12.51
2019-10-01,2019,10,Devanahalli,4400.34,2814.38,156.35,3917.56,12.32
2019-11-01,2019,11,Devanahalli,4462.05,2814.38,158.54,3961.94,12.62
2019-12-01,2019,12,Devanahalli,4524.66,2814.38,160.77,4042.17,11.94
2020-01-01,2020,1,Devanahalli,4521.4,2814.38,160.65,4060.29,11.36
2020-02-01,2020,2,Devanahalli,4573.71,2814.38,162.51,4038.52,13.25
2020-03-01,2020,3,Devanahalli,4587.31,2814.38,163.0,4137.15,10.88
2020-04-01,2020,4,Devanahalli,4627.91,2814.38,164.44,4155.72,11.36
2020-05-01,2020,5,Devanahalli,4738.06,2814.38,168.35,4186.56,13.17
2020-06-01,2020,6,Devanahalli,4801.12,2814.38,170.59,4264.59,12.58
2020-07-01,2020,7,Devanahalli,4798.68,2814.38,170.51,4317.63,11.14
2020-08-01,2020,8,Devanahalli,4880.7,2814.38,173.42,4355.58,12.06
2020-09-01,2020,9,Devanahalli,4905.03,2814.38,174.28,4342.77,12.95
2020-10-01,2020,10,Devanahalli,4916.77,2814.38,174.7,4400.34,11.74
2020-11-01,2020,11,Devanahalli,4998.55,2814.38,177.61,4462.05,12.02
2020-12-01,2020,12,Devanahalli,5087.44,2814.38,180.77,4524.66,12.44
2021-01-01,2021,1,Devanahalli,5079.73,2814.38,180.49,4521.4,12.35
2021-02-01,2021,2,Devanahalli,5185.4,2814.38,184.25,4573.71,13.37
2021-03-01,2021,3,Devanahalli,5082.94,2814.38,180.61,4587.31,10.8
2021-04-01,2021,4,Devanahalli,5257.09,2814.38,186.79,4627.91,13.6
2021-05-01,2021,5,Devanahalli,5279.84,2814.38,187.6,4738.06,11.43
2021-06-01,2021,6,Devanahalli,5315.54,2814.38,188.87,4801.12,10.71
2021-07-01,2021,7,Devanahalli,5380.69,2814.38,191.19,4798.68,12.13
2021-08-01,2021,8,Devanahalli,5352.73,2814.38,190.19,4880.7,9.67
2021-09-01,2021,9,Devanahalli,5471.34,2814.38,194.41,4905.03,11.55
2021-10-01,2021,10,Devanahalli,5545.59,2814.38,197.04,4916.77,12.79
2021-11-01,2021,11,Devanahalli,5642.02,2814.38,200.47,4998.55,12.87
2021-12-01,2021,12,Devanahalli,5616.79,2814.38,199.57,5087.44,10.41
2022-01-01,2022,1,Devanahalli,5658.52,2814.38,201.06,5079.73,11.39
2022-02-01,2022,2,Devanahalli,5724.55,2814.38,203.4,5185.4,10.4
2022-03-01,2022,3,Devanahalli,5836.4,2814.38,207.38,5082.94,14.82
2022-04-01,2022,4,Devanahalli,5867.74,2814.38,208.49,5257.09,11.62
2022-05-01,2022,5,Devanahalli,5887.9,2814.38,209.21,5279.84,11.52
2022-06-01,2022,6,Devanahalli,5987.33,2814.38,212.74,5315.54,12.64
2022-07-01,2022,7,Devanahalli,6026.59,2814.38,214.14,5380.69,12.0
2022-08-01,2022,8,Devanahalli,6120.87,2814.38,217.49,5352.73,14.35
2022-09-01,2022,9,Devanahalli,6107.17,2814.38,217.0,5471.34,11.62
2022-10-01,2022,10,Devanahalli,6181.36,2814.38,219.63,5545.59,11.46
2022-11-01,2022,11,Devanahalli,6237.19,2814.38,221.62,5642.02,10.55
2022-12-01,2022,12,Devanahalli,6249.02,2814.38,222.04,5616.79,11.26
2023-01-01,2023,1,Devanahalli,6350.04,2814.38,225.63,5658.52,12.22
2023-02-01,2023,2,Devanahalli,6371.82,2814.38,226.4,5724.55,11.31
2023-03-01,2023,3,Devanahalli,6383.8,2814.38,226.83,5836.4,9.38
2023-04-01,2023,4,Devanahalli,6396.5,2814.38,227.28,5867.74,9.01
2023-05-01,2023,5,Devanahalli,6366.86,2814.38,226.23,5887.9,8.13
2023-06-01,2023,6,Devanahalli,6435.2,2814.38,228.65,5987.33,7.48
2023-07-01,2023,7,Devanahalli,6462.38,2814.38,229.62,6026.59,7.23
2023-08-01,2023,8,Devanahalli,6465.21,2814.38,229.72,6120.87,5.63
2023-09-01,2023,9,Devanahalli,6518.25,2814.38,231.61,6107.17,6.73
2023-10-01,2023,10,Devanahalli,6568.12,2814.38,233.38,6181.36,6.26
2023-11-01,2023,11,Devanahalli,6660.46,2814.38,236.66,6237.19,6.79
2023-12-01,2023,12,Devanahalli,6605.89,2814.38,234.72,6249.02,5.71
2024-01-01,2024,1,Devanahalli,6634.01,2814.38,235.72,6350.04,4.47
2024-02-01,2024,2,Devanahalli,6642.94,2814.38,236.04,6371.82,4.25
2024-03-01,2024,3,Devanahalli,6581.23,2814.38,233.84,6383.8,3.09
2024-04-01,2024,4,Devanahalli,6694.1,2814.38,237.85,6396.5,4.65
2024-05-01,2024,5,Devanahalli,6722.78,2814.38,238.87,6366.86,5.59
2024-06-01,2024,6,Devanahalli,6860.94,2814.38,243.78,6435.2,6.62
2024-07-01,2024,7,Devanahalli,6760.31,2814.38,240.21,6462.38,4.61
2024-08-01,2024,8,Devanahalli,6808.64,2814.38,241.92,6465.21,5.31
2024-09-01,2024,9,Devanahalli,6817.61,2814.38,242.24,6518.25,4.59
2024-10-01,2024,10,Devanahalli,6788.34,2814.38,241.2,6568.12,3.35
2024-11-01,2024,11,Devanahalli,6924.44,2814.38,246.04,6660.46,3.96
2024-12-01,2024,12,Devanahalli,6931.02,2814.38,246.27,6605.89,4.92
2025-01-01,2025,1,Devanahalli,6958.38,2814.38,247.24,6634.01,4.89
2025-02-01,2025,2,Devanahalli,6901.28,2814.38,245.21,6642.94,3.89
2025-03-01,2025,3,Devanahalli,7039.47,2814.38,250.13,6581.23,6.96
2025-04-01,2025,4,Devanahalli,6927.97,2814.38,246.16,6694.1,3.49
2025-05-01,2025,5,Devanahalli,7051.19,2814.38,250.54,6722.78,4.89
2025-06-01,2025,6,Devanahalli,7156.22,2814.38,254.27,6860.94,4.3
2025-07-01,2025,7,Devanahalli,7025.0,2814.38,249.61,6760.31,3.92
2025-08-01,2025,8,Devanahalli,7071.9,2814.38,251.28,6808.64,3.87
2025-09-01,2025,9,Devanahalli,7131.11,2814.38,253.38,6817.61,4.6
2025-10-01,2025,10,Devanahalli,7127.12,2814.38,253.24,6788.34,4.99
2025-11-01,2025,11,Devanahalli,7100.69,2814.38,252.3,6924.44,2.55
2025-12-01,2025,12,Devanahalli,7208.45,2814.38,256.13,6931.02,4.0
2015-01-01,2015,1,Indiranagar,7979.16,7979.16,100.0,,
2015-02-01,2015,2,Indiranagar,8104.85,7979.16,101.58,,
2015-03-01,2015,3,Indiranagar,8065.15,7979.16,101.08,,
2015-04-01,2015,4,Indiranagar,8245.4,7979.16,103.34,,
2015-05-01,2015,5,Indiranagar,8151.67,7979.16,102.16,,
2015-06-01,2015,6,Indiranagar,8217.94,7979.16,102.99,,
2015-07-01,2015,7,Indiranagar,8323.73,7979.16,104.32,,
2015-08-01,2015,8,Indiranagar,8245.22,7979.16,103.33,,
2015-09-01,2015,9,Indiranagar,8370.67,7979.16,104.91,,
2015-10-01,2015,10,Indiranagar,8474.89,7979.16,106.21,,
2015-11-01,2015,11,Indiranagar,8343.97,7979.16,104.57,,
2015-12-01,2015,12,Indiranagar,8490.96,7979.16,106.41,,
2016-01-01,2016,1,Indiranagar,8550.09,7979.16,107.16,7979.16,7.16
2016-02-01,2016,2,Indiranagar,8636.48,7979.16,108.24,8104.85,6.56
2016-03-01,2016,3,Indiranagar,8569.89,7979.16,107.4,8065.15,6.26
2016-04-01,2016,4,Indiranagar,8619.94,7979.16,108.03,8245.4,4.54
2016-05-01,2016,5,Indiranagar,8788.33,7979.16,110.14,8151.67,7.81
2016-06-01,2016,6,Indiranagar,8831.0,7979.16,110.68,8217.94,7.46
2016-07-01,2016,7,Indiranagar,8884.93,7979.16,111.35,8323.73,6.74
2016-08-01,2016,8,Indiranagar,8948.09,7979.16,112.14,8245.22,8.52
2016-09-01,2016,9,Indiranagar,8941.11,7979.16,112.06,8370.67,6.81
2016-10-01,2016,10,Indiranagar,9056.38,7979.16,113.5,8474.89,6.86
2016-11-01,2016,11,Indiranagar,9118.52,7979.16,114.28,8343.97,9.28
2016-12-01,2016,12,Indiranagar,9112.6,7979.16,114.21,8490.96,7.32
2017-01-01,2017,1,Indiranagar,9337.71,7979.16,117.03,8550.09,9.21
2017-02-01,2017,2,Indiranagar,9307.4,7979.16,116.65,8636.48,7.77
2017-03-01,2017,3,Indiranagar,9258.46,7979.16,116.03,8569.89,8.03
2017-04-01,2017,4,Indiranagar,9439.57,7979.16,118.3,8619.94,9.51
2017-05-01,2017,5,Indiranagar,9392.32,7979.16,117.71,8788.33,6.87
2017-06-01,2017,6,Indiranagar,9570.13,7979.16,119.94,8831.0,8.37
2017-07-01,2017,7,Indiranagar,9656.61,7979.16,121.02,8884.93,8.69
2017-08-01,2017,8,Indiranagar,9585.17,7979.16,120.13,8948.09,7.12
2017-09-01,2017,9,Indiranagar,9768.01,7979.16,122.42,8941.11,9.25
2017-10-01,2017,10,Indiranagar,9793.23,7979.16,122.74,9056.38,8.14
2017-11-01,2017,11,Indiranagar,9884.39,7979.16,123.88,9118.52,8.4
2017-12-01,2017,12,Indiranagar,10022.4,7979.16,125.61,9112.6,9.98
2018-01-01,2018,1,Indiranagar,9937.61,7979.16,124.54,9337.71,6.42
2018-02-01,2018,2,Indiranagar,9965.9,7979.16,124.9,9307.4,7.08
2018-03-01,2018,3,Indiranagar,10020.44,7979.16,125.58,9258.46,8.23
2018-04-01,2018,4,Indiranagar,10090.14,7979.16,126.46,9439.57,6.89
2018-05-01,2018,5,Indiranagar,10207.88,7979.16,127.93,9392.32,8.68
2018-06-01,2018,6,Indiranagar,10303.65,7979.16,129.13,9570.13,7.66
2018-07-01,2018,7,Indiranagar,10365.28,7979.16,129.9,9656.61,7.34
2018-08-01,2018,8,Indiranagar,10472.09,7979.16,131.24,9585.17,9.25
2018-09-01,2018,9,Indiranagar,10479.74,7979.16,131.34,9768.01,7.29
2018-10-01,2018,10,Indiranagar,10653.52,7979.16,133.52,9793.23,8.78
2018-11-01,2018,11,Indiranagar,10594.4,7979.16,132.78,9884.39,7.18
2018-12-01,2018,12,Indiranagar,10885.76,7979.16,136.43,10022.4,8.61
2019-01-01,2019,1,Indiranagar,10798.17,7979.16,135.33,9937.61,8.66
2019-02-01,2019,2,Indiranagar,10755.34,7979.16,134.79,9965.9,7.92
2019-03-01,2019,3,Indiranagar,10808.25,7979.16,135.46,10020.44,7.86
2019-04-01,2019,4,Indiranagar,10996.96,7979.16,137.82,10090.14,8.99
2019-05-01,2019,5,Indiranagar,11013.21,7979.16,138.02,10207.88,7.89
2019-06-01,2019,6,Indiranagar,11156.92,7979.16,139.83,10303.65,8.28
2019-07-01,2019,7,Indiranagar,11209.87,7979.16,140.49,10365.28,8.15
2019-08-01,2019,8,Indiranagar,11239.01,7979.16,140.85,10472.09,7.32
2019-09-01,2019,9,Indiranagar,11250.01,7979.16,140.99,10479.74,7.35
2019-10-01,2019,10,Indiranagar,11269.13,7979.16,141.23,10653.52,5.78
2019-11-01,2019,11,Indiranagar,11427.36,7979.16,143.22,10594.4,7.86
2019-12-01,2019,12,Indiranagar,11606.11,7979.16,145.46,10885.76,6.62
2020-01-01,2020,1,Indiranagar,11610.48,7979.16,145.51,10798.17,7.52
2020-02-01,2020,2,Indiranagar,11547.95,7979.16,144.73,10755.34,7.37
2020-03-01,2020,3,Indiranagar,11720.43,7979.16,146.89,10808.25,8.44
2020-04-01,2020,4,Indiranagar,11794.95,7979.16,147.82,10996.96,7.26
2020-05-01,2020,5,Indiranagar,11747.34,7979.16,147.23,11013.21,6.67
2020-06-01,2020,6,Indiranagar,11890.79,7979.16,149.02,11156.92,6.58
2020-07-01,2020,7,Indiranagar,11940.69,7979.16,149.65,11209.87,6.52
2020-08-01,2020,8,Indiranagar,11897.97,7979.16,149.11,11239.01,5.86
2020-09-01,2020,9,Indiranagar,12082.49,7979.16,151.43,11250.01,7.4
2020-10-01,2020,10,Indiranagar,12158.52,7979.16,152.38,11269.13,7.89
2020-11-01,2020,11,Indiranagar,12262.19,7979.16,153.68,11427.36,7.31
2020-12-01,2020,12,Indiranagar,12319.37,7979.16,154.39,11606.11,6.15
2021-01-01,2021,1,Indiranagar,12184.44,7979.16,152.7,11610.48,4.94
2021-02-01,2021,2,Indiranagar,12296.2,7979.16,154.1,11547.95,6.48
2021-03-01,2021,3,Indiranagar,12497.17,7979.16,156.62,11720.43,6.63
2021-04-01,2021,4,Indiranagar,12572.61,7979.16,157.57,11794.95,6.59
2021-05-01,2021,5,Indiranagar,12648.72,7979.16,158.52,11747.34,7.67
2021-06-01,2021,6,Indiranagar,13021.42,7979.16,163.19,11890.79,9.51
2021-07-01,2021,7,Indiranagar,12807.09,7979.16,160.51,11940.69,7.26
2021-08-01,2021,8,Indiranagar,12935.23,7979.16,162.11,11897.97,8.72
2021-09-01,2021,9,Indiranagar,12997.02,7979.16,162.89,12082.49,7.57
2021-10-01,2021,10,Indiranagar,13048.07,7979.16,163.53,12158.52,7.32
2021-11-01,2021,11,Indiranagar,13038.52,7979.16,163.41,12262.19,6.33
2021-12-01,2021,12,Indiranagar,13216.19,7979.16,165.63,12319.37,7.28
2022-01-01,2022,1,Indiranagar,13138.88,7979.16,164.66,12184.44,7.83
2022-02-01,2022,2,Indiranagar,13252.64,7979.16,166.09,12296.2,7.78
2022-03-01,2022,3,Indiranagar,13293.94,7979.16,166.61,12497.17,6.38
2022-04-01,2022,4,Indiranagar,13411.87,7979.16,168.09,12572.61,6.68
2022-05-01,2022,5,Indiranagar,13687.67,7979.16,171.54,12648.72,8.21
2022-06-01,2022,6,Indiranagar,13358.08,7979.16,167.41,13021.42,2.59
2022-07-01,2022,7,Indiranagar,13666.21,7979.16,171.27,12807.09,6.71
2022-08-01,2022,8,Indiranagar,13512.79,7979.16,169.35,12935.23,4.47
2022-09-01,2022,9,Indiranagar,13688.24,7979.16,171.55,12997.02,5.32
2022-10-01,2022,10,Indiranagar,13905.65,7979.16,174.27,13048.07,6.57
2022-11-01,2022,11,Indiranagar,13873.87,7979.16,173.88,13038.52,6.41
2022-12-01,2022,12,Indiranagar,13830.0,7979.16,173.33,13216.19,4.64
2023-01-01,2023,1,Indiranagar,13932.85,7979.16,174.62,13138.88,6.04
2023-02-01,2023,2,Indiranagar,14138.06,7979.16,177.19,13252.64,6.68
2023-03-01,2023,3,Indiranagar,14067.32,7979.16,176.3,13293.94,5.82
2023-04-01,2023,4,Indiranagar,14229.97,7979.16,178.34,13411.87,6.1
2023-05-01,2023,5,Indiranagar,14282.15,7979.16,178.99,13687.67,4.34
2023-06-01,2023,6,Indiranagar,14281.66,7979.16,178.99,13358.08,6.91
2023-07-01,2023,7,Indiranagar,14633.29,7979.16,183.39,13666.21,7.08
2023-08-01,2023,8,Indiranagar,14551.39,7979.16,182.37,13512.79,7.69
2023-09-01,2023,9,Indiranagar,14351.25,7979.16,179.86,13688.24,4.84
2023-10-01,2023,10,Indiranagar,14647.58,7979.16,183.57,13905.65,5.34
2023-11-01,2023,11,Indiranagar,14631.59,7979.16,183.37,13873.87,5.46
2023-12-01,2023,12,Indiranagar,14859.38,7979.16,186.23,13830.0,7.44
2024-01-01,2024,1,Indiranagar,14760.79,7979.16,184.99,13932.85,5.94
2024-02-01,2024,2,Indiranagar,14903.41,7979.16,186.78,14138.06,5.41
2024-03-01,2024,3,Indiranagar,15040.97,7979.16,188.5,14067.32,6.92
2024-04-01,2024,4,Indiranagar,15152.22,7979.16,189.9,14229.97,6.48
2024-05-01,2024,5,Indiranagar,15007.1,7979.16,188.08,14282.15,5.08
2024-06-01,2024,6,Indiranagar,15172.31,7979.16,190.15,14281.66,6.24
2024-07-01,2024,7,Indiranagar,15231.14,7979.16,190.89,14633.29,4.09
2024-08-01,2024,8,Indiranagar,15286.1,7979.16,191.58,14551.39,5.05
2024-09-01,2024,9,Indiranagar,15621.78,7979.16,195.78,14351.25,8.85
2024-10-01,2024,10,Indiranagar,15550.15,7979.16,194.88,14647.58,6.16
2024-11-01,2024,11,Indiranagar,15444.14,7979.16,193.56,14631.59,5.55
2024-12-01,2024,12,Indiranagar,15758.11,7979.16,197.49,14859.38,6.05
2025-01-01,2025,1,Indiranagar,15967.45,7979.16,200.11,14760.79,8.17
2025-02-01,2025,2,Indiranagar,15924.58,7979.16,199.58,14903.41,6.85
2025-03-01,2025,3,Indiranagar,15718.3,7979.16,196.99,15040.97,4.5
2025-04-01,2025,4,Indiranagar,15910.49,7979.16,199.4,15152.22,5.0
2025-05-01,2025,5,Indiranagar,16184.58,7979.16,202.84,15007.1,7.85
2025-06-01,2025,6,Indiranagar,16040.54,7979.16,201.03,15172.31,5.72
2025-07-01,2025,7,Indiranagar,16249.19,7979.16,203.65,15231.14,6.68
2025-08-01,2025,8,Indiranagar,16365.98,7979.16,205.11,15286.1,7.06
2025-09-01,2025,9,Indiranagar,16250.81,7979.16,203.67,15621.78,4.03
2025-10-01,2025,10,Indiranagar,16429.71,7979.16,205.91,15550.15,5.66
2025-11-01,2025,11,Indiranagar,16141.83,7979.16,202.3,15444.14,4.52
2025-12-01,2025,12,Indiranagar,16477.95,7979.16,206.51,15758.11,4.57
2015-01-01,2015,1,Whitefield,4820.48,4820.48,100.0,,
2015-02-01,2015,2,Whitefield,4815.77,4820.48,99.9,,
2015-03-01,2015,3,Whitefield,4943.42,4820.48,102.55,,
2015-04-01,2015,4,Whitefield,4867.89,4820.48,100.98,,
2015-05-01,2015,5,Whitefield,4931.6,4820.48,102.31,,
2015-06-01,2015,6,Whitefield,4981.3,4820.48,103.34,,
2015-07-01,2015,7,Whitefield,5057.34,4820.48,104.91,,
2015-08-01,2015,8,Whitefield,4986.47,4820.48,103.44,,
2015-09-01,2015,9,Whitefield,5108.81,4820.48,105.98,,
2015-10-01,2015,10,Whitefield,5098.54,4820.48,105.77,,
2015-11-01,2015,11,Whitefield,5093.76,4820.48,105.67,,
2015-12-01,2015,12,Whitefield,5176.69,4820.48,107.39,,
2016-01-01,2016,1,Whitefield,5198.43,4820.48,107.84,4820.48,7.84
2016-02-01,2016,2,Whitefield,5200.63,4820.48,107.89,4815.77,7.99
2016-03-01,2016,3,Whitefield,5256.71,4820.48,109.05,4943.42,6.34
2016-04-01,2016,4,Whitefield,5271.65,4820.48,109.36,4867.89,8.29
2016-05-01,2016,5,Whitefield,5322.08,4820.48,110.41,4931.6,7.92
2016-06-01,2016,6,Whitefield,5374.8,4820.48,111.5,4981.3,7.9
2016-07-01,2016,7,Whitefield,5442.1,4820.48,112.9,5057.34,7.61
2016-08-01,2016,8,Whitefield,5367.96,4820.48,111.36,4986.47,7.65
2016-09-01,2016,9,Whitefield,5528.95,4820.48,114.7,5108.81,8.22
2016-10-01,2016,10,Whitefield,5405.65,4820.48,112.14,5098.54,6.02
2016-11-01,2016,11,Whitefield,5507.81,4820.48,114.26,5093.76,8.13
2016-12-01,2016,12,Whitefield,5569.84,4820.48,115.55,5176.69,7.59
2017-01-01,2017,1,Whitefield,5591.51,4820.48,115.99,5198.43,7.56
2017-02-01,2017,2,Whitefield,5589.79,4820.48,115.96,5200.63,7.48
2017-03-01,2017,3,Whitefield,5639.97,4820.48,117.0,5256.71,7.29
2017-04-01,2017,4,Whitefield,5662.74,4820.48,117.47,5271.65,7.42
2017-05-01,2017,5,Whitefield,5693.11,4820.48,118.1,5322.08,6.97
2017-06-01,2017,6,Whitefield,5785.46,4820.48,120.02,5374.8,7.64
2017-07-01,2017,7,Whitefield,5800.48,4820.48,120.33,5442.1,6.59
2017-08-01,2017,8,Whitefield,5792.76,4820.48,120.17,5367.96,7.91
2017-09-01,2017,9,Whitefield,5893.06,4820.48,122.25,5528.95,6.59
2017-10-01,2017,10,Whitefield,5904.25,4820.48,122.48,5405.65,9.22
2017-11-01,2017,11,Whitefield,5960.92,4820.48,123.66,5507.81,8.23
2017-12-01,2017,12,Whitefield,5989.31,4820.48,124.25,5569.84,7.53
2018-01-01,2018,1,Whitefield,5964.26,4820.48,123.73,5591.51,6.67
2018-02-01,2018,2,Whitefield,6011.67,4820.48,124.71,5589.79,7.55
2018-03-01,2018,3,Whitefield,6103.58,4820.48,126.62,5639.97,8.22
2018-04-01,2018,4,Whitefield,6134.62,4820.48,127.26,5662.74,8.33
2018-05-01,2018,5,Whitefield,6144.55,4820.48,127.47,5693.11,7.93
2018-06-01,2018,6,Whitefield,6187.67,4820.48,128.36,5785.46,6.95
2018-07-01,2018,7,Whitefield,6275.6,4820.48,130.19,5800.48,8.19
2018-08-01,2018,8,Whitefield,6231.66,4820.48,129.27,5792.76,7.58
2018-09-01,2018,9,Whitefield,6319.5,4820.48,131.1,5893.06,7.24
2018-10-01,2018,10,Whitefield,6324.49,4820.48,131.2,5904.25,7.12
2018-11-01,2018,11,Whitefield,6362.03,4820.48,131.98,5960.92,6.73
2018-12-01,2018,12,Whitefield,6459.56,4820.48,134.0,5989.31,7.85
2019-01-01,2019,1,Whitefield,6486.26,4820.48,134.56,5964.26,8.75
2019-02-01,2019,2,Whitefield,6524.93,4820.48,135.36,6011.67,8.54
2019-03-01,2019,3,Whitefield,6586.85,4820.48,136.64,6103.58,7.92
2019-04-01,2019,4,Whitefield,6567.63,4820.48,136.24,6134.62,7.06
2019-05-01,2019,5,Whitefield,6637.89,4820.48,137.7,6144.55,8.03
2019-06-01,2019,6,Whitefield,6631.86,4820.48,137.58,6187.67,7.18
2019-07-01,2019,7,Whitefield,6701.64,4820.48,139.02,6275.6,6.79
2019-08-01,2019,8,Whitefield,6720.76,4820.48,139.42,6231.66,7.85
2019-09-01,2019,9,Whitefield,6772.14,4820.48,140.49,6319.5,7.16
2019-10-01,2019,10,Whitefield,6836.82,4820.48,141.83,6324.49,8.1
2019-11-01,2019,11,Whitefield,6810.38,4820.48,141.28,6362.03,7.05
2019-12-01,2019,12,Whitefield,6991.95,4820.48,145.05,6459.56,8.24
2020-01-01,2020,1,Whitefield,6883.86,4820.48,142.8,6486.26,6.13
2020-02-01,2020,2,Whitefield,6915.3,4820.48,143.46,6524.93,5.98
2020-03-01,2020,3,Whitefield,7073.63,4820.48,146.74,6586.85,7.39
2020-04-01,2020,4,Whitefield,7098.28,4820.48,147.25,6567.63,8.08
2020-05-01,2020,5,Whitefield,7132.86,4820.48,147.97,6637.89,7.46
2020-06-01,2020,6,Whitefield,7176.19,4820.48,148.87,6631.86,8.21
2020-07-01,2020,7,Whitefield,7187.34,4820.48,149.1,6701.64,7.25
2020-08-01,2020,8,Whitefield,7185.98,4820.48,149.07,6720.76,6.92
2020-09-01,2020,9,Whitefield,7278.98,4820.48,151.0,6772.14,7.48
2020-10-01,2020,10,Whitefield,7284.4,4820.48,151.11,6836.82,6.55
2020-11-01,2020,11,Whitefield,7413.6,4820.48,153.79,6810.38,8.86
2020-12-01,2020,12,Whitefield,7400.22,4820.48,153.52,6991.95,5.84
2021-01-01,2021,1,Whitefield,7409.56,4820.48,153.71,6883.86,7.64
2021-02-01,2021,2,Whitefield,7480.81,4820.48,155.19,6915.3,8.18
2021-03-01,2021,3,Whitefield,7564.8,4820.48,156.93,7073.63,6.94
2021-04-01,2021,4,Whitefield,7558.65,4820.48,156.8,7098.28,6.49
2021-05-01,2021,5,Whitefield,7590.53,4820.48,157.46,7132.86,6.42
2021-06-01,2021,6,Whitefield,7693.72,4820.48,159.6,7176.19,7.21
2021-07-01,2021,7,Whitefield,7740.3,4820.48,160.57,7187.34,7.69
2021-08-01,2021,8,Whitefield,7746.17,4820.48,160.69,7185.98,7.8
2021-09-01,2021,9,Whitefield,7794.96,4820.48,161.71,7278.98,7.09
2021-10-01,2021,10,Whitefield,7880.81,4820.48,163.49,7284.4,8.19
2021-11-01,2021,11,Whitefield,7835.35,4820.48,162.54,7413.6,5.69
2021-12-01,2021,12,Whitefield,7884.98,4820.48,163.57,7400.22,6.55
2022-01-01,2022,1,Whitefield,7946.13,4820.48,164.84,7409.56,7.24
2022-02-01,2022,2,Whitefield,7997.26,4820.48,165.9,7480.81,6.9
2022-03-01,2022,3,Whitefield,8049.7,4820.48,166.99,7564.8,6.41
2022-04-01,2022,4,Whitefield,8138.47,4820.48,168.83,7558.65,7.67
2022-05-01,2022,5,Whitefield,8126.9,4820.48,168.59,7590.53,7.07
2022-06-01,2022,6,Whitefield,8092.53,4820.48,167.88,7693.72,5.18
2022-07-01,2022,7,Whitefield,8123.77,4820.48,168.53,7740.3,4.95
2022-08-01,2022,8,Whitefield,8091.0,4820.48,167.85,7746.17,4.45
2022-09-01,2022,9,Whitefield,8170.52,4820.48,169.5,7794.96,4.82
2022-10-01,2022,10,Whitefield,8178.48,4820.48,169.66,7880.81,3.78
2022-11-01,2022,11,Whitefield,8237.13,4820.48,170.88,7835.35,5.13
2022-12-01,2022,12,Whitefield,8194.43,4820.48,169.99,7884.98,3.92
2023-01-01,2023,1,Whitefield,8295.87,4820.48,172.1,7946.13,4.4
2023-02-01,2023,2,Whitefield,8378.49,4820.48,173.81,7997.26,4.77
2023-03-01,2023,3,Whitefield,8307.02,4820.48,172.33,8049.7,3.2
2023-04-01,2023,4,Whitefield,8360.66,4820.48,173.44,8138.47,2.73
2023-05-01,2023,5,Whitefield,8401.54,4820.48,174.29,8126.9,3.38
2023-06-01,2023,6,Whitefield,8361.6,4820.48,173.46,8092.53,3.32
2023-07-01,2023,7,Whitefield,8422.42,4820.48,174.72,8123.77,3.68
2023-08-01,2023,8,Whitefield,8434.11,4820.48,174.96,8091.0,4.24
2023-09-01,2023,9,Whitefield,8463.36,4820.48,175.57,8170.52,3.58
2023-10-01,2023,10,Whitefield,8435.96,4820.48,175.0,8178.48,3.15
2023-11-01,2023,11,Whitefield,8507.67,4820.48,176.49,8237.13,3.28
2023-12-01,2023,12,Whitefield,8560.37,4820.48,177.58,8194.43,4.47
2024-01-01,2024,1,Whitefield,8642.03,4820.48,179.28,8295.87,4.17
2024-02-01,2024,2,Whitefield,8637.29,4820.48,179.18,8378.49,3.09
2024-03-01,2024,3,Whitefield,8734.0,4820.48,181.19,8307.02,5.14
2024-04-01,2024,4,Whitefield,8582.67,4820.48,178.05,8360.66,2.66
2024-05-01,2024,5,Whitefield,8706.63,4820.48,180.62,8401.54,3.63
2024-06-01,2024,6,Whitefield,8689.77,4820.48,180.27,8361.6,3.92
2024-07-01,2024,7,Whitefield,8836.96,4820.48,183.32,8422.42,4.92
2024-08-01,2024,8,Whitefield,8679.15,4820.48,180.05,8434.11,2.91
2024-09-01,2024,9,Whitefield,8702.14,4820.48,180.52,8463.36,2.82
2024-10-01,2024,10,Whitefield,8741.89,4820.48,181.35,8435.96,3.63
2024-11-01,2024,11,Whitefield,8673.04,4820.48,179.92,8507.67,1.94
2024-12-01,2024,12,Whitefield,8796.71,4820.48,182.49,8560.37,2.76
2025-01-01,2025,1,Whitefield,8807.5,4820.48,182.71,8642.03,1.91
2025-02-01,2025,2,Whitefield,8889.32,4820.48,184.41,8637.29,2.92
2025-03-01,2025,3,Whitefield,8926.77,4820.48,185.18,8734.0,2.21
2025-04-01,2025,4,Whitefield,9048.33,4820.48,187.71,8582.67,5.43
2025-05-01,2025,5,Whitefield,9016.26,4820.48,187.04,8706.63,3.56
2025-06-01,2025,6,Whitefield,8946.11,4820.48,185.59,8689.77,2.95
2025-07-01,2025,7,Whitefield,8951.52,4820.48,185.7,8836.96,1.3
2025-08-01,2025,8,Whitefield,9065.14,4820.48,188.05,8679.15,4.45
2025-09-01,2025,9,Whitefield,8976.24,4820.48,186.21,8702.14,3.15
2025-10-01,2025,10,Whitefield,9202.47,4820.48,190.9,8741.89,5.27
2025-11-01,2025,11,Whitefield,9187.3,4820.48,190.59,8673.04,5.93
2025-12-01,2025,12,Whitefield,9108.21,4820.48,188.95,8796.71,3.54
2015-01-01,2015,1,Yelahanka,3368.87,3368.87,100.0,,
2015-02-01,2015,2,Yelahanka,3451.96,3368.87,102.47,,
2015-03-01,2015,3,Yelahanka,3426.62,3368.87,101.71,,
2015-04-01,2015,4,Yelahanka,3469.01,3368.87,102.97,,
2015-05-01,2015,5,Yelahanka,3410.59,3368.87,101.24,,
2015-06-01,2015,6,Yelahanka,3444.48,3368.87,102.24,,
2015-07-01,2015,7,Yelahanka,3469.05,3368.87,102.97,,
2015-08-01,2015,8,Yelahanka,3480.02,3368.87,103.3,,
2015-09-01,2015,9,Yelahanka,3477.87,3368.87,103.24,,
2015-10-01,2015,10,Yelahanka,3514.14,3368.87,104.31,,
2015-11-01,2015,11,Yelahanka,3482.7,3368.87,103.38,,
2015-12-01,2015,12,Yelahanka,3515.49,3368.87,104.35,,
2016-01-01,2016,1,Yelahanka,3532.07,3368.87,104.84,3368.87,4.84
2016-02-01,2016,2,Yelahanka,3551.98,3368.87,105.44,3451.96,2.9
2016-03-01,2016,3,Yelahanka,3567.08,3368.87,105.88,3426.62,4.1
2016-04-01,2016,4,Yelahanka,3531.56,3368.87,104.83,3469.01,1.8
2016-05-01,2016,5,Yelahanka,3531.47,3368.87,104.83,3410.59,3.54
2016-06-01,2016,6,Yelahanka,3612.07,3368.87,107.22,3444.48,4.87
2016-07-01,2016,7,Yelahanka,3598.68,3368.87,106.82,3469.05,3.74
2016-08-01,2016,8,Yelahanka,3581.77,3368.87,106.32,3480.02,2.92
2016-09-01,2016,9,Yelahanka,3650.18,3368.87,108.35,3477.87,4.95
2016-10-01,2016,10,Yelahanka,3624.27,3368.87,107.58,3514.14,3.13
2016-11-01,2016,11,Yelahanka,3661.72,3368.87,108.69,3482.7,5.14
2016-12-01,2016,12,Yelahanka,3643.89,3368.87,108.16,3515.49,3.65
2017-01-01,2017,1,Yelahanka,3705.31,3368.87,109.99,3532.07,4.9
2017-02-01,2017,2,Yelahanka,3708.12,3368.87,110.07,3551.98,4.4
2017-03-01,2017,3,Yelahanka,3667.22,3368.87,108.86,3567.08,2.81
2017-04-01,2017,4,Yelahanka,3709.23,3368.87,110.1,3531.56,5.03
2017-05-01,2017,5,Yelahanka,3711.44,3368.87,110.17,3531.47,5.1
2017-06-01,2017,6,Yelahanka,3740.85,3368.87,111.04,3612.07,3.57
2017-07-01,2017,7,Yelahanka,3690.89,3368.87,109.56,3598.68,2.56
2017-08-01,2017,8,Yelahanka,3744.56,3368.87,111.15,3581.77,4.54
2017-09-01,2017,9,Yelahanka,3765.05,3368.87,111.76,3650.18,3.15
2017-10-01,2017,10,Yelahanka,3701.95,3368.87,109.89,3624.27,2.14
2017-11-01,2017,11,Yelahanka,3727.72,3368.87,110.65,3661.72,1.8
2017-12-01,2017,12,Yelahanka,3715.83,3368.87,110.3,3643.89,1.97
2018-01-01,2018,1,Yelahanka,3776.36,3368.87,112.1,3705.31,1.92
2018-02-01,2018,2,Yelahanka,3816.47,3368.87,113.29,3708.12,2.92
2018-03-01,2018,3,Yelahanka,3851.43,3368.87,114.32,3667.22,5.02
2018-04-01,2018,4,Yelahanka,3827.34,3368.87,113.61,3709.23,3.18
2018-05-01,2018,5,Yelahanka,3883.19,3368.87,115.27,3711.44,4.63
2018-06-01,2018,6,Yelahanka,3816.3,3368.87,113.28,3740.85,2.02
2018-07-01,2018,7,Yelahanka,3821.57,3368.87,113.44,3690.89,3.54
2018-08-01,2018,8,Yelahanka,3880.39,3368.87,115.18,3744.56,3.63
2018-09-01,2018,9,Yelahanka,3906.64,3368.87,115.96,3765.05,3.76
2018-10-01,2018,10,Yelahanka,3909.59,3368.87,116.05,3701.95,5.61
2018-11-01,2018,11,Yelahanka,3868.05,3368.87,114.82,3727.72,3.76
2018-12-01,2018,12,Yelahanka,3936.82,3368.87,116.86,3715.83,5.95
2019-01-01,2019,1,Yelahanka,3917.65,3368.87,116.29,3776.36,3.74
2019-02-01,2019,2,Yelahanka,3986.88,3368.87,118.34,3816.47,4.47
2019-03-01,2019,3,Yelahanka,3993.08,3368.87,118.53,3851.43,3.68
2019-04-01,2019,4,Yelahanka,3971.2,3368.87,117.88,3827.34,3.76
2019-05-01,2019,5,Yelahanka,3997.76,3368.87,118.67,3883.19,2.95
2019-06-01,2019,6,Yelahanka,3997.08,3368.87,118.65,3816.3,4.74
2019-07-01,2019,7,Yelahanka,4039.96,3368.87,119.92,3821.57,5.71
2019-08-01,2019,8,Yelahanka,4083.71,3368.87,121.22,3880.39,5.24
2019-09-01,2019,9,Yelahanka,4043.4,3368.87,120.02,3906.64,3.5
2019-10-01,2019,10,Yelahanka,4100.87,3368.87,121.73,3909.59,4.89
2019-11-01,2019,11,Yelahanka,4086.25,3368.87,121.29,3868.05,5.64
2019-12-01,2019,12,Yelahanka,4093.69,3368.87,121.52,3936.82,3.98
2020-01-01,2020,1,Yelahanka,4128.57,3368.87,122.55,3917.65,5.38
2020-02-01,2020,2,Yelahanka,4116.8,3368.87,122.2,3986.88,3.26
2020-03-01,2020,3,Yelahanka,4145.96,3368.87,123.07,3993.08,3.83
2020-04-01,2020,4,Yelahanka,4142.36,3368.87,122.96,3971.2,4.31
2020-05-01,2020,5,Yelahanka,4250.4,3368.87,126.17,3997.76,6.32
2020-06-01,2020,6,Yelahanka,4209.18,3368.87,124.94,3997.08,5.31
2020-07-01,2020,7,Yelahanka,4202.92,3368.87,124.76,4039.96,4.03
2020-08-01,2020,8,Yelahanka,4245.48,3368.87,126.02,4083.71,3.96
2020-09-01,2020,9,Yelahanka,4251.36,3368.87,126.2,4043.4,5.14
2020-10-01,2020,10,Yelahanka,4263.74,3368.87,126.56,4100.87,3.97
2020-11-01,2020,11,Yelahanka,4304.46,3368.87,127.77,4086.25,5.34
2020-12-01,2020,12,Yelahanka,4324.6,3368.87,128.37,4093.69,5.64
2021-01-01,2021,1,Yelahanka,4298.12,3368.87,127.58,4128.57,4.11
2021-02-01,2021,2,Yelahanka,4309.08,3368.87,127.91,4116.8,4.67
2021-03-01,2021,3,Yelahanka,4330.59,3368.87,128.55,4145.96,4.45
2021-04-01,2021,4,Yelahanka,4281.28,3368.87,127.08,4142.36,3.35
2021-05-01,2021,5,Yelahanka,4317.61,3368.87,128.16,4250.4,1.58
2021-06-01,2021,6,Yelahanka,4418.29,3368.87,131.15,4209.18,4.97
2021-07-01,2021,7,Yelahanka,4439.52,3368.87,131.78,4202.92,5.63
2021-08-01,2021,8,Yelahanka,4393.91,3368.87,130.43,4245.48,3.5
2021-09-01,2021,9,Yelahanka,4432.04,3368.87,131.56,4251.36,4.25
2021-10-01,2021,10,Yelahanka,4436.54,3368.87,131.69,4263.74,4.05
2021-11-01,2021,11,Yelahanka,4535.29,3368.87,134.62,4304.46,5.36
2021-12-01,2021,12,Yelahanka,4487.24,3368.87,133.2,4324.6,3.76
2022-01-01,2022,1,Yelahanka,4461.13,3368.87,132.42,4298.12,3.79
2022-02-01,2022,2,Yelahanka,4448.0,3368.87,132.03,4309.08,3.22
2022-03-01,2022,3,Yelahanka,4440.31,3368.87,131.8,4330.59,2.53
2022-04-01,2022,4,Yelahanka,4510.11,3368.87,133.88,4281.28,5.34
2022-05-01,2022,5,Yelahanka,4492.72,3368.87,133.36,4317.61,4.06
2022-06-01,2022,6,Yelahanka,4484.5,3368.87,133.12,4418.29,1.5
2022-07-01,2022,7,Yelahanka,4522.04,3368.87,134.23,4439.52,1.86
2022-08-01,2022,8,Yelahanka,4521.15,3368.87,134.2,4393.91,2.9
2022-09-01,2022,9,Yelahanka,4622.68,3368.87,137.22,4432.04,4.3
2022-10-01,2022,10,Yelahanka,4610.11,3368.87,136.84,4436.54,3.91
2022-11-01,2022,11,Yelahanka,4594.73,3368.87,136.39,4535.29,1.31
2022-12-01,2022,12,Yelahanka,4655.92,3368.87,138.2,4487.24,3.76
2023-01-01,2023,1,Yelahanka,4623.91,3368.87,137.25,4461.13,3.65
2023-02-01,2023,2,Yelahanka,4606.74,3368.87,136.74,4448.0,3.57
2023-03-01,2023,3,Yelahanka,4697.54,3368.87,139.44,4440.31,5.79
2023-04-01,2023,4,Yelahanka,4678.91,3368.87,138.89,4510.11,3.74
2023-05-01,2023,5,Yelahanka,4640.77,3368.87,137.75,4492.72,3.3
2023-06-01,2023,6,Yelahanka,4681.88,3368.87,138.97,4484.5,4.4
2023-07-01,2023,7,Yelahanka,4672.77,3368.87,138.7,4522.04,3.33
2023-08-01,2023,8,Yelahanka,4669.45,3368.87,138.61,4521.15,3.28
2023-09-01,2023,9,Yelahanka,4759.28,3368.87,141.27,4622.68,2.95
2023-10-01,2023,10,Yelahanka,4805.58,3368.87,142.65,4610.11,4.24
2023-11-01,2023,11,Yelahanka,4709.25,3368.87,139.79,4594.73,2.49
2023-12-01,2023,12,Yelahanka,4788.26,3368.87,142.13,4655.92,2.84
2024-01-01,2024,1,Yelahanka,4761.38,3368.87,141.33,4623.91,2.97
2024-02-01,2024,2,Yelahanka,4780.54,3368.87,141.9,4606.74,3.77
2024-03-01,2024,3,Yelahanka,4790.71,3368.87,142.21,4697.54,1.98
2024-04-01,2024,4,Yelahanka,4795.3,3368.87,142.34,4678.91,2.49
2024-05-01,2024,5,Yelahanka,4839.97,3368.87,143.67,4640.77,4.29
2024-06-01,2024,6,Yelahanka,4823.99,3368.87,143.19,4681.88,3.04
2024-07-01,2024,7,Yelahanka,4875.36,3368.87,144.72,4672.77,4.34
2024-08-01,2024,8,Yelahanka,4878.4,3368.87,144.81,4669.45,4.47
2024-09-01,2024,9,Yelahanka,4885.94,3368.87,145.03,4759.28,2.66
2024-10-01,2024,10,Yelahanka,4877.0,3368.87,144.77,4805.58,1.49
2024-11-01,2024,11,Yelahanka,4902.39,3368.87,145.52,4709.25,4.1
2024-12-01,2024,12,Yelahanka,4962.5,3368.87,147.3,4788.26,3.64
2025-01-01,2025,1,Yelahanka,4967.93,3368.87,147.47,4761.38,4.34
2025-02-01,2025,2,Yelahanka,4930.81,3368.87,146.36,4780.54,3.14
2025-03-01,2025,3,Yelahanka,4982.5,3368.87,147.9,4790.71,4.0
2025-04-01,2025,4,Yelahanka,5019.59,3368.87,149.0,4795.3,4.68
2025-05-01,2025,5,Yelahanka,4949.15,3368.87,146.91,4839.97,2.26
2025-06-01,2025,6,Yelahanka,5041.14,3368.87,149.64,4823.99,4.5
2025-07-01,2025,7,Yelahanka,5013.1,3368.87,148.81,4875.36,2.83
2025-08-01,2025,8,Yelahanka,5071.09,3368.87,150.53,4878.4,3.95
2025-09-01,2025,9,Yelahanka,5038.36,3368.87,149.56,4885.94,3.12
2025-10-01,2025,10,Yelahanka,5015.78,3368.87,148.89,4877.0,2.85
2025-11-01,2025,11,Yelahanka,5036.51,3368.87,149.5,4902.39,2.74
2025-12-01,2025,12,Yelahanka,5110.89,3368.87,151.71,4962.5,2.99
